group_name,word,part_of_speech,meaning_en,meaning_th,example,synonyms,antonyms,variations,difficulty,frequency
Education & Learning,Academic,Adjective,"Relating to education, especially at a college or university level.","เกี่ยวกับวิชาการ,ทางการศึกษา","The university has a strong academic reputation.<br>He decided to pursue an academic career.<br>Academic success is not the only measure of intelligence.",scholastic, intellectual, educational,non-academic, practical,academically, academician,intermediate,high
Education & Learning,Curriculum,Noun,"The subjects comprising a course of study in a school or college.","หลักสูตร","The new curriculum places a greater emphasis on science.<br>The school is revising its curriculum to include more practical skills.<br>Students are required to take a broad range of subjects in their curriculum.",syllabus, course of study, program,-,curricula,intermediate,high
Education & Learning,Pedagogy,Noun,"The method and practice of teaching.","ศาสตร์การสอน, การสอน","The workshop focused on modern pedagogy and teaching techniques.<br>Effective pedagogy is crucial for student engagement.<br>Teachers are always seeking to improve their pedagogy.",instruction, tuition, didactics,-,pedagogical, pedagogically,advanced,medium
Education & Learning,Literacy,Noun,"The ability to read and write.","การรู้หนังสือ","The program aims to improve adult literacy in rural areas.<br>Digital literacy is a vital skill in the modern world.<br>The government has launched a campaign to promote financial literacy.",-,illiteracy,literate, illiterate,intermediate,high
Education & Learning,Vocational,Adjective,"Relating to an occupation or employment.","เกี่ยวกับอาชีพ, ทางอาชีวะ","Vocational training provides practical skills for a specific job.<br>He chose a vocational college over a traditional university.<br>The new school offers a variety of vocational courses.",occupational, professional, trade,academic,vocation,intermediate,medium
Education & Learning,Augment,Verb,"To make something greater by adding to it.","เพิ่มพูน, ขยาย","The teacher uses technology to augment classroom learning.<br>He took a part-time job to augment his income.<br>These exercises are designed to augment your vocabulary.",increase, enlarge, supplement,decrease, diminish,augmentation, augmented,intermediate,medium
Education & Learning,Disparity,Noun,"A great difference.","ความเหลื่อมล้ำ, ความแตกต่าง","There is a clear disparity in educational opportunities between urban and rural areas.<br>The report highlights the wage disparity between men and women.<br>They are working to address the global health disparity.",discrepancy, inequality, divergence,similarity, equality,disparate,intermediate,high
Education & Learning,Holistic,Adjective,"Characterized by the belief that the parts of something are interconnected and can be explained only by reference to the whole.","แบบองค์รวม","A holistic approach to education focuses on the student's entire development, not just academic achievement.<br>We need to take a more holistic view of the problem.<br>The program promotes a holistic view of wellness, including mind, body, and spirit.",comprehensive, integrated, complete,partial, compartmentalized,holistically,advanced,medium
Education & Learning,Credential,Noun,"A qualification, achievement, or aspect of a person's background.","ใบรับรอง, คุณสมบัติ","A university degree is a valuable credential for many jobs.<br>The company is looking for candidates with strong professional credentials.<br>He has impeccable credentials for the position.",qualification, certificate, testament,-,credentialed,intermediate,low
Education & Learning,Rote learning,Phrase,"Learning a topic through repetition and memorization, without understanding.","การเรียนแบบท่องจำ","Rote learning is not effective for developing critical thinking.<br>He had to use rote learning to memorize the historical dates.<br>Modern education systems are moving away from rote learning.",memorization, cramming,-,rote,intermediate,high
Education & Learning,Co-curricular,Adjective,"Activities that complement the formal curriculum.","กิจกรรมเสริมหลักสูตร","Participating in co-curricular activities is essential for a well-rounded education.<br>The school offers various co-curricular programs like sports and music.<br>Employers often look for candidates with strong co-curricular involvement.",extracurricular, supplementary,curricular,-,advanced,medium
Education & Learning,Tutelage,Noun,"Protection of or authority over someone or something; guardianship.","การสอน, การดูแล, การปกครอง","She progressed quickly under the tutelage of her piano teacher.<br>The young artist benefited from the tutelage of a renowned painter.<br>Students receive expert tutelage from experienced instructors.",guidance, instruction, guardianship,-,tutor,advanced,low
Education & Learning,Compulsory,Adjective,"Required by law or a rule; obligatory.","ภาคบังคับ, ที่ต้องทำ","Education is compulsory for children between the ages of 5 and 16.<br>It is compulsory to wear a seatbelt in the car.<br>Many countries have compulsory military service.",mandatory, obligatory, necessary,optional, voluntary,compel, compelled,intermediate,high
Education & Learning,Cognitive,Adjective,"Relating to the mental processes of perception, memory, and judgment.","เกี่ยวกับความรู้ความเข้าใจ","The test measures cognitive skills such as problem-solving.<br>Reading books can improve your cognitive function.<br>Children's cognitive development is a key focus of early education.",intellectual, mental, cerebral,-,cognitively,intermediate,high
Education & Learning,Innate,Adjective,"Inborn; natural.","ที่มีมาแต่กำเนิด, โดยธรรมชาติ","She has an innate talent for music.<br>Some scientists believe that language ability is innate.<br>He has an innate sense of humor.",inborn, natural, inherent,acquired, learned,innately,advanced,medium
Education & Learning,Incentive,Noun,"A thing that motivates or encourages one to do something.","สิ่งจูงใจ, แรงกระตุ้น","The scholarship serves as an incentive for students to study hard.<br>The company offers a financial incentive for employees to improve their performance.<br>What is your incentive for taking this course?",motivation, stimulus, encouragement,disincentive, hindrance,incentivize,intermediate,high
Education & Learning,Disseminate,Verb,"To spread or disperse (information, ideas, etc.) widely.","เผยแพร่, กระจาย","The school wants to disseminate information about the new program.<br>It is the media's role to disseminate news to the public.<br>We need to disseminate these findings to a wider audience.",spread, circulate, distribute,suppress, withhold,dissemination,advanced,medium
Education & Learning,Subsidize,Verb,"To support (an organization or activity) financially.","อุดหนุน, สนับสนุนทางการเงิน","The government subsidizes public universities to keep tuition fees low.<br>The state heavily subsidizes the public transport system.<br>The company will subsidize the cost of training for its staff.",fund, finance, sponsor,defund,-,subsidy, subsidized,advanced,medium
Education & Learning,Equitable,Adjective,"Fair and impartial.","ที่เป็นธรรม, เสมอภาค","The goal is to create a more equitable education system.<br>They are working to ensure an equitable distribution of resources.<br>Everyone deserves equitable access to healthcare.",fair, just, impartial,unequal, unfair,equitably, equity,advanced,high
Education & Learning,Invaluable,Adjective,"Extremely useful; indispensable.","มีค่ามาก, ประเมินค่าไม่ได้","His guidance was an invaluable asset to my project.<br>The teachers' support has been an invaluable resource.<br>These research findings are invaluable for the medical community.",priceless, essential, indispensable,worthless, useless,-,advanced,medium
Education & Learning,Accreditation,Noun,"The action or process of officially recognizing someone as having a particular status or being qualified to perform a particular activity.","การรับรองวิทยฐานะ","The program's accreditation ensures a high standard of education.<br>The hospital is seeking accreditation from a national board.<br>This degree has an international accreditation.",certification, validation, sanction,disapproval, discrediting,accredit, accredited,advanced,medium
Education & Learning,Assessment,Noun,"The evaluation or estimation of the nature, quality, or ability of someone or something.","การประเมินผล","The teacher uses a variety of assessment methods to evaluate student progress.<br>The final assessment will be a written exam.<br>Regular assessments help identify areas for improvement.",evaluation, appraisal, measurement,-,assess, assessed,intermediate,high
Education & Learning,Comprehension,Noun,"The ability to understand something.","ความเข้าใจ","Reading comprehension is a key skill for students.<br>He has a good comprehension of the subject matter.<br>The test measures your listening comprehension.",understanding, grasp, perception,misunderstanding, incomprehension,comprehend, comprehensive,intermediate,high
Education & Learning,Curricular,Adjective,"Relating to a curriculum.","เกี่ยวกับหลักสูตร","The curricular framework provides a guide for teachers.<br>We need to focus on curricular reform.<br>The school's curricular offerings are very diverse.",pedagogical, academic, educational,-,-,intermediate,medium
Education & Learning,Discipline,Noun,"The practice of training people to obey rules or a code of behavior.","ระเบียบวินัย, สาขาวิชา","Good discipline is essential for a productive learning environment.<br>She is studying a new discipline called computational biology.<br>The teacher maintains strict discipline in the classroom.",regulation, control, field,chaos, disorder,disciplined,intermediate,high
Education & Learning,Empower,Verb,"To give someone the authority or power to do something.","ให้อำนาจ, ทำให้มีอำนาจ","Education can empower individuals to make better life choices.<br>The program is designed to empower women in the workplace.<br>He felt empowered after the workshop.",authorize, enable, qualify,disempower, disable,empowerment, empowered,intermediate,high
Education & Learning,Enrollment,Noun,"The action of enrolling or being enrolled.","การลงทะเบียนเรียน","Student enrollment has increased significantly this year.<br>The university has a high enrollment rate.<br>They are holding an open house to boost new enrollment.",registration, matriculation, admission,-,enroll, enrolled,intermediate,high
Education & Learning,Faculty,Noun,"A group of university departments concerned with a major division of knowledge.","คณะ, คณาจารย์","She is a member of the university's arts faculty.<br>The faculty meeting will be held on Friday.<br>The faculty is highly respected in its field.",staff, academics, professors,-,-,intermediate,high
Education & Learning,Flexibility,Noun,"The quality of bending easily without breaking.","ความยืดหยุ่น","The new schedule offers more flexibility for students.<br>Flexibility is a key characteristic of modern education.<br>He has a high degree of flexibility in his work hours.",adaptability, pliability, resilience,inflexibility, rigidity,flexible,intermediate,high
Education & Learning,Grant,Noun,"A sum of money given by an organization for a particular purpose.","เงินช่วยเหลือ, เงินทุน","She received a grant to fund her research.<br>The student applied for a government grant to cover tuition fees.<br>The university awarded a grant for the new project.",scholarship, subsidy, allowance,-,grant,intermediate,high
Education & Learning,Guidance,Noun,"Advice or information aimed at resolving a problem or difficulty.","คำแนะนำ, การชี้แนะ","Students receive guidance from their academic advisors.<br>She provides guidance to her younger siblings.<br>The career counselor offers guidance on job choices.",advice, direction, counsel,-,guide, guided,intermediate,high
Education & Learning,Innovation,Noun,"The action or process of innovating.","นวัตกรรม, การสร้างสรรค์","Technological innovation is changing the way we learn.<br>The company is known for its innovation in product design.<br>He is a leader in educational innovation.",creativity, novelty, progress,stagnation, tradition,innovate, innovative,advanced,high
Education & Learning,Institution,Noun,"An organization founded for a religious, educational, social, or similar purpose.","สถาบัน","Harvard University is a prestigious academic institution.<br>They established a new research institution.<br>The institution has a long and respected history.",establishment, organization, academy,-,-,intermediate,high
Education & Learning,Internship,Noun,"The position of a student or trainee who works in an organization, sometimes without pay, in order to gain work experience.","การฝึกงาน","He did a summer internship at a law firm.<br>An internship provides valuable real-world experience.<br>The company offers paid internships to students.",apprenticeship, training, placement,-,intern,intermediate,medium
Education & Learning,Mentorship,Noun,"The guidance provided by a mentor, especially an experienced person.","การให้คำปรึกษา, การให้คำแนะนำ","The program provides one-on-one mentorship for new teachers.<br>Good mentorship is crucial for professional development.<br>He benefited from his mentor's guidance and mentorship.",guidance, counseling, advice,-,mentor,advanced,medium
Education & Learning,Proficiency,Noun,"A high degree of competence or skill; expertise.","ความเชี่ยวชาญ, ความชำนาญ","The course is designed to improve language proficiency.<br>She demonstrated great proficiency in her work.<br>The exam measures your proficiency in English.",expertise, mastery, skill,incompetence, inability,proficient, proficiently,intermediate,high
Education & Learning,Rationale,Noun,"A set of reasons or a logical basis for a course of action or a particular belief.","เหตุผล","The rationale behind the new grading system is to reduce stress.<br>He explained the rationale for his decision.<br>What is the rationale for this policy change?",reasoning, logic, justification,-,rational,advanced,medium
Education & Learning,Scholarship,Noun,"A grant or payment made to support a student's education.","ทุนการศึกษา","She won a full scholarship to a top university.<br>He applied for a scholarship to study abroad.<br>The foundation offers scholarships to deserving students.",grant, bursary, fellowship,-,scholar, intermediate,high
Education & Learning,Seminar,Noun,"A conference or meeting for discussion or training.","การสัมมนา","He attended a seminar on educational technology.<br>The students are required to attend a weekly seminar.<br>The professor led a seminar on modern literature.",workshop, lecture, conference,-,-,intermediate,medium
Education & Learning,Syllabus,Noun,"An outline of the subjects in a course of study or teaching.","คำอธิบายรายวิชา","The syllabus for this course is available online.<br>The professor handed out the course syllabus on the first day.<br>The syllabus outlines the topics, readings, and assignments.",curriculum, program, outline,-,syllabi,intermediate,high
Education & Learning,Accredited,Adjective,"Officially recognized or authorized.","ที่ได้รับการรับรอง","The program is accredited by the national board of education.<br>He is an accredited professional in his field.<br>The university is an accredited institution.",certified, approved, licensed,unaccredited, discredited,accreditation, intermediate,medium
Education & Learning,Adaptable,Adjective,"Able to adjust to new conditions.","ที่สามารถปรับตัวได้","An adaptable curriculum can meet the needs of diverse learners.<br>He is a very adaptable person.<br>The software is adaptable to different operating systems.",flexible, adjustable, versatile,inflexible, rigid,adaptability, adapt,intermediate,high
Education & Learning,Alumnus,Noun,"A former student of a school, college, or university.","ศิษย์เก่า","The university's alumni network is very strong.<br>He is a proud alumnus of this college.<br>The event is a reunion for all alumni.",graduate, former student,-,-,alumni, intermediate,low
Education & Learning,Apprenticeship,Noun,"The position of an apprentice; a period of time working for an employer to learn a trade.","การฝึกหัดงาน","He started an apprenticeship to become an electrician.<br>The program offers a new apprenticeship opportunity.<br>Apprenticeship is a great way to learn practical skills.",internship, training, mentorship,-,apprentice, intermediate,low
Education & Learning,Articulation,Noun,"The formation of clear and distinct sounds in speech.","การออกเสียง, การเชื่อมโยง","Good articulation is important for public speaking.<br>The program aims to improve students' articulation skills.<br>There is a strong articulation agreement between the two colleges.",pronunciation, enunciation, expression,-,-,advanced,low
Education & Learning,Blended learning,Phrase,"A teaching method that combines online educational materials and opportunities for interaction with traditional classroom methods.","การเรียนรู้แบบผสมผสาน","Blended learning gives students more flexibility.<br>The school is implementing a blended learning approach.<br>Blended learning combines online resources with face-to-face instruction.",hybrid learning, mixed-mode learning,-,-,intermediate,medium
Education & Learning,Collaborative,Adjective,"Produced by or involving two or more parties working together.","ร่วมมือ, ทำงานร่วมกัน","Collaborative projects help students develop teamwork skills.<br>The project was a collaborative effort between the two departments.<br>We are looking for a collaborative solution.",cooperative, joint, shared,individual, solo,collaborate, collaboration,intermediate,high
Education & Learning,Cognizant,Adjective,"Having knowledge or being aware of something.","ตระหนัก, รู้ตัว","He was cognizant of the challenges he would face.<br>Students should be cognizant of the deadlines.<br>The committee is cognizant of the issue.",aware, mindful, conscious,unaware, ignorant,cognizance, advanced,low
Education & Learning,Differentiated instruction,Phrase,"A teaching approach that tailors instruction to meet individual student needs.","การสอนที่ปรับตามความแตกต่างของผู้เรียน","Differentiated instruction helps teachers address diverse learning styles.<br>The teacher used differentiated instruction to challenge high-achievers.<br>This strategy is a key part of modern pedagogy.",personalized learning, individualized instruction,-,-,advanced,medium
Education & Learning,Eclectic,Adjective,"Deriving ideas, style, or taste from a broad and diverse range of sources.","ผสมผสาน, หลากหลาย","His teaching style is eclectic, drawing from many different philosophies.<br>The library has an eclectic collection of books.<br>Her taste in music is quite eclectic.",diverse, broad, varied,uniform, homogeneous,eclecticism, advanced,low
Education & Learning,Efficacy,Noun,"The ability to produce a desired or intended result.","ประสิทธิภาพ","The efficacy of the new teaching method is still being researched.<br>The study tested the efficacy of the drug.<br>She has great self-efficacy in her abilities.",effectiveness, potency, power,inefficacy, weakness,efficacious, advanced,high
Education & Learning,Elucidate,Verb,"To make something clear; explain.","อธิบายให้ชัดเจน","The professor tried to elucidate the complex theory.<br>Can you elucidate your point further?<br>He used examples to elucidate the concept.",explain, clarify, illuminate,obscure, confuse,elucidation, advanced,low
Education & Learning,Empathy,Noun,"The ability to understand and share the feelings of another.","ความเห็นอกเห็นใจ","Teachers need to have empathy for their students.<br>Empathy is a key trait of a good leader.<br>She has a strong sense of empathy for others.",compassion, sympathy, understanding,apathy, indifference,empathize, empathetic,intermediate,medium
Education & Learning,Enrichment,Noun,"The action of improving or enhancing the quality or value of something.","การเสริมสร้าง, การเพิ่มพูน","The school offers enrichment programs for gifted students.<br>Reading can provide a great intellectual enrichment.<br>The field trip was a great form of enrichment for the class.",enhancement, improvement, augmentation,impoverishment, depletion,enrich, advanced,medium
Education & Learning,Evaluation,Noun,"The making of a judgment about the amount, number, or value of something; assessment.","การประเมินค่า","Student evaluations of the course are very important.<br>The committee performed an evaluation of the project.<br>A fair evaluation should be objective.",assessment, appraisal, judgment,-,evaluate, advanced,high
Education & Learning,Extracurricular,Adjective,"(of an activity at a school or college) taken in addition to the normal curriculum.","นอกหลักสูตร","Joining extracurricular activities can enhance your college application.<br>He is very involved in extracurricular clubs.<br>The school offers a wide range of extracurricular sports.",co-curricular, optional,-,intermediate,medium
Education & Learning,Facilitator,Noun,"A person who helps a group to work together more effectively.","ผู้อำนวยความสะดวก","The teacher acts as a facilitator, guiding students in their own learning.<br>She was an excellent facilitator for the workshop.<br>A good facilitator makes sure everyone's voice is heard.",mediator, guide, moderator,-,facilitate, intermediate,medium
Education & Learning,Formative assessment,Phrase,"Assessment that monitors student learning to provide ongoing feedback that can be used by instructors to improve their teaching and by students to improve their learning.","การประเมินเพื่อปรับปรุงการเรียนรู้","Teachers use formative assessment to adjust their lessons.<br>Quizzes can be used as a form of formative assessment.<br>Formative assessment is a key part of student-centered learning.",diagnostic assessment,-,formative, advanced,medium
Education & Learning,Guideline,Noun,"A general rule, principle, or piece of advice.","แนวทาง","The school has strict guidelines for student behavior.<br>Follow the guidelines to complete the project correctly.<br>These are just guidelines, not strict rules.",direction, instruction, principle,-,-,intermediate,high
Education & Learning,Hybrid,Adjective,"Of mixed character; composed of different elements.","ผสม","The university offers a hybrid degree program that combines online and in-person classes.<br>This car has a hybrid engine.<br>The new approach is a hybrid of traditional and modern methods.",mixed, composite, blended,pure, simple,hybridization, advanced,medium
Education & Learning,Immersive,Adjective,"Providing or involving deep absorption or immersion in something.","ที่ดื่มด่ำ, ที่ทำให้เหมือนจริง","The virtual reality tour provides an immersive learning experience.<br>He had an immersive experience in the local culture.<br>The new game creates an immersive world for players.",engaging, absorbing, captivating,-,immerse, immersion,advanced,medium
Education & Learning,Inquiry-based learning,Phrase,"A teaching method that emphasizes the student's role in the learning process by asking questions, investigating ideas, and constructing new knowledge.","การเรียนรู้จากการสืบเสาะ","Inquiry-based learning encourages critical thinking and problem-solving.<br>The science class uses an inquiry-based learning approach.<br>This method puts students in charge of their own learning.",discovery learning,-,-,advanced,medium
Education & Learning,Integrate,Verb,"To combine (one thing) with another so that they become a whole.","บูรณาการ, รวมเข้าด้วยกัน","The curriculum aims to integrate art and science.<br>The company is trying to integrate the new system with the old one.<br>You need to integrate your new ideas with the existing framework.",combine, merge, unite,separate, divide,integration, integrated,intermediate,high
Education & Learning,Interdisciplinary,Adjective,"Relating to more than one branch of knowledge.","สหวิทยาการ","The course is an interdisciplinary study of art and history.<br>We need an interdisciplinary approach to solve this problem.<br>Her research is highly interdisciplinary.",multidisciplinary, cross-disciplinary,-,-,advanced,medium
Education & Learning,Iterative,Adjective,"Repeating a process in a way that improves on previous results.","ซ้ำไปซ้ำมาเพื่อปรับปรุง","The project used an iterative design process.<br>Learning is an iterative process of trial and error.<br>We will be making iterative changes to the software.",repetitive, cyclical, progressive,-,iterate, iteration,advanced,low
Education & Learning,Learning outcome,Phrase,"A statement of what a learner is expected to know, understand, and/or be able to demonstrate after completing a process of learning.","ผลลัพธ์การเรียนรู้","The learning outcomes for this course are clearly defined.<br>We need to measure the learning outcomes of the program.<br>Every lesson has a specific learning outcome.",educational objective, learning goal,-,-,intermediate,high
Education & Learning,Metacognition,Noun,"Awareness and understanding of one's own thought processes.","อภิปัญญา, การรู้คิดของตนเอง","Metacognition is a key skill for effective learning.<br>The professor encouraged metacognition by asking students to reflect on their learning process.<br>This concept involves thinking about your thinking.",self-awareness, introspection, self-reflection,-,metacognitive, advanced,low
Education & Learning,Peer review,Phrase,"Evaluation of a person's work or performance by a group of people in the same occupation, profession, or industry.","การทบทวนโดยเพื่อน","The students presented their projects for peer review.<br>Peer review is a crucial part of academic publishing.<br>The system allows for anonymous peer review.",peer assessment,-,-,advanced,medium
Education & Learning,Portfolio,Noun,"A range of work or materials that represents a person's capabilities and achievements.","แฟ้มสะสมผลงาน","The art student created a portfolio of her best work.<br>He submitted his portfolio for the job application.<br>A digital portfolio can showcase your skills.",collection, dossier, compilation,-,-,intermediate,medium
Education & Learning,Proficiency,Noun,"A high degree of competence or skill; expertise.","ความเชี่ยวชาญ, ความชำนาญ","The course is designed to improve language proficiency.<br>She demonstrated great proficiency in her work.<br>The exam measures your proficiency in English.",expertise, mastery, skill,incompetence, inability,proficient, proficiently,intermediate,high
Education & Learning,Socratic method,Phrase,"A method of inquiry and debate based on asking and answering questions.","วิธีการสอนแบบโสคราติส","The teacher used the Socratic method to encourage critical thinking.<br>The Socratic method is often used in law schools.<br>This method involves dialogue between teacher and students.",Socratic dialogue,-,-,advanced,low
Education & Learning,Standardized test,Phrase,"Any examination that is administered and scored in a predetermined, standard manner.","การทดสอบมาตรฐาน","Standardized tests are used to compare student performance across the country.<br>Many universities require a standardized test score for admission.<br>There is a lot of debate about the use of standardized tests.",norm-referenced test,-,-,intermediate,high
Education & Learning,Summative assessment,Phrase,"Assessment of participants' learning at the end of an instructional unit.","การประเมินเพื่อสรุปผลการเรียนรู้","The final exam is a form of summative assessment.<br>The project at the end of the semester is a summative assessment.<br>Summative assessment evaluates what a student has learned.",final assessment, end-of-unit test,-,summative, advanced,medium
Education & Learning,Syllabus,Noun,"An outline of the subjects in a course of study or teaching.","คำอธิบายรายวิชา","The syllabus for this course is available online.<br>The professor handed out the course syllabus on the first day.<br>The syllabus outlines the topics, readings, and assignments.",curriculum, program, outline,-,syllabi,intermediate,high
Education & Learning,Tutorial,Noun,"A period of instruction given by a tutor to one or more students.","การเรียนการสอนพิเศษ","Students meet with their tutor for a weekly tutorial.<br>The online platform provides interactive video tutorials.<br>The tutorial helps students understand complex topics.",session, class, instruction,-,tutor, intermediate,medium
Education & Learning,Verbal,Adjective,"Relating to or in the form of words.","เกี่ยวกับคำพูด","He has excellent verbal communication skills.<br>The verbal instructions were difficult to follow.<br>The test measures your verbal reasoning ability.",oral, spoken, linguistic,non-verbal, written,verbally, intermediate,high
Education & Learning,Virtual learning,Phrase,"A learning environment that uses technology and is not in a traditional classroom.","การเรียนรู้เสมือนจริง","Virtual learning has become very popular since the pandemic.<br>The school offers a virtual learning program for students who can't attend in person.<br>Students access course materials through a virtual learning platform.",online learning, e-learning,-,-,intermediate,medium
Education & Learning,Webinar,Noun,"A seminar or other presentation that takes place on the Internet.","การสัมมนาผ่านเว็บ","The university is hosting a webinar on applying for scholarships.<br>You can register for the free webinar online.<br>The company's marketing team will present a webinar.",online seminar, webcast,-,-,intermediate,low
Education & Learning,Appraisal,Noun,"An act of assessing something or someone.","การประเมิน","Teacher appraisals are conducted annually to ensure quality.<br>The formal appraisal of the project will take place next month.<br>He received a positive performance appraisal.",evaluation, assessment, review,-,appraise, appraised,intermediate,medium
Education & Learning,Acquisition,Noun,"An asset or object bought or obtained.","การได้มา, การรับเอา","Language acquisition is a complex process.<br>The company's acquisition of the smaller firm was a success.<br>He is studying the acquisition of knowledge in children.",obtainment, learning, gain,loss, disposal,acquire, advanced,high
Education & Learning,Cognitive dissonance,Phrase,"The state of having inconsistent thoughts, beliefs, or attitudes.","ความไม่สอดคล้องทางความคิด","The student experienced cognitive dissonance when his beliefs were challenged.<br>The theory of cognitive dissonance explains why people avoid information that contradicts their views.<br>He felt a lot of cognitive dissonance when he learned the truth.",mental conflict,-,-,advanced,low
Education & Learning,Credentialing,Noun,"The process of ensuring a person is qualified to perform a task or has achieved a certain level of training.","การออกใบรับรอง","Professional credentialing is important for career advancement.<br>The board is responsible for the credentialing of all new members.<br>The credentialing process can be very time-consuming.",certification, licensing, qualification,-,credential, advanced,medium
Education & Learning,Curriculum vitae,Noun,"A brief account of a person's education, qualifications, and previous occupations.","ประวัติการทำงานโดยละเอียด","He submitted his curriculum vitae along with his application.<br>A curriculum vitae is more detailed than a resume.<br>Your curriculum vitae should highlight your academic achievements.",resume, CV, professional summary,-,curricula vitae,advanced,low
Education & Learning,Dichotomy,Noun,"A division or contrast between two things that are or are represented as being opposed or entirely different.","การแบ่งเป็นสองส่วน","The dichotomy between theory and practice is often discussed in education.<br>There is a clear dichotomy in his thinking.<br>The film explores the dichotomy of good and evil.",contrast, split, division,-,dichotomous, advanced,low
Education & Learning,Didactic,Adjective,"Intended to teach, particularly in having moral instruction as an ulterior motive.","เกี่ยวกับการสอน, ที่ให้คำสั่งสอน","The professor's didactic style was very effective for teaching complex subjects.<br>The book is a didactic novel.<br>His didactic approach often came across as condescending.",educational, instructional, instructive,uninstructive, confusing,didactics, advanced,low
Education & Learning,Empirical,Adjective,"Based on, concerned with, or verifiable by observation or experience rather than theory or pure logic.","เชิงประจักษ์, จากการทดลอง","The study's findings are based on empirical evidence.<br>He relied on empirical data to support his argument.<br>The research used an empirical approach.",experimental, observational, factual,theoretical, unproven,empirically, advanced,high
Education & Learning,Epistemology,Noun,"The theory of knowledge, especially with regard to its methods, validity, and scope.","ญาณวิทยา","Epistemology is a core part of philosophy and education.<br>He is studying the epistemology of science.<br>The course covered the fundamentals of epistemology.",theory of knowledge,-,-,advanced,low
Education & Learning,Facilitate,Verb,"To make an action or process easy or easier.","อำนวยความสะดวก","The teacher's role is to facilitate learning, not just lecture.<br>The new software will facilitate communication among team members.<br>Technology can facilitate access to information.",assist, aid, enable,hinder, obstruct,facilitation, facilitator,intermediate,high
Education & Learning,Homogeneous,Adjective,"Of the same kind; alike.","ที่เหมือนกัน","The class was quite homogeneous in terms of ability.<br>The team is a homogeneous group of experts.<br>They mixed the ingredients to create a homogeneous mixture.",uniform, similar, identical,heterogeneous, diverse,homogeneity, advanced,low
Education & Learning,Ideology,Noun,"A system of ideas and ideals, especially one that forms the basis of economic or political theory and policy.","อุดมการณ์","Educational ideology often influences policy and practice.<br>He lives by a strong personal ideology.<br>The political ideology of the party is clear.",belief system, philosophy, doctrine,-,ideological, advanced,high
Education & Learning,Inclusion,Noun,"The practice or policy of providing equal access to opportunities and resources for people who might otherwise be excluded.","การรวมเข้าด้วยกัน, การไม่แบ่งแยก","The school is committed to the inclusion of all students, regardless of ability.<br>Inclusion is a core principle of modern education.<br>They are working towards social and economic inclusion.",integration, assimilation, incorporation,exclusion, segregation,inclusive, advanced,high
Education & Learning,Inductive reasoning,Phrase,"A type of logical thinking that involves forming generalizations based on specific instances.","การให้เหตุผลแบบอุปนัย","Inductive reasoning is a key part of scientific discovery.<br>The teacher used inductive reasoning to guide students to a conclusion.<br>He used several examples to demonstrate inductive reasoning.",bottom-up logic,-,-,advanced,low
Education & Learning,Intrinsic motivation,Phrase,"The drive to do something for internal reasons, such as personal satisfaction or a sense of purpose.","แรงจูงใจภายใน","Intrinsic motivation is more powerful than external rewards.<br>He has an intrinsic motivation to help others.<br>The project relies on students' intrinsic motivation.",internal drive,-,intrinsic, intermediate,medium
Education & Learning,Juxtaposition,Noun,"The fact of two things being seen or placed close together with contrasting effect.","การวางเคียงกัน","The juxtaposition of traditional and modern teaching methods was interesting.<br>The play's humor comes from the juxtaposition of serious and silly scenes.<br>She noted the juxtaposition of poverty and wealth in the city.",contrast, proximity,-,juxtapose, juxtaposed,advanced,low
Education & Learning,Kinesthetic learning,Phrase,"A learning style that involves physical activity, rather than lectures or observing others.","การเรียนรู้จากการเคลื่อนไหว","Kinesthetic learning is great for students who learn best by doing.<br>The school uses kinesthetic learning to teach science concepts.<br>The hands-on activity promoted kinesthetic learning.",tactile learning,-,-,advanced,low
Education & Learning,Laissez-faire,Phrase,"A policy or attitude of letting things take their own course, without interfering.","ปล่อยให้เป็นไปตามยถากรรม","The professor's laissez-faire teaching style allowed students great freedom.<br>The government has adopted a laissez-faire approach to the economy.<br>He has a laissez-faire attitude towards his children's education.",non-interventionist, hands-off, permissive,interventionist, controlling,-,advanced,low
Education & Learning,Linguistics,Noun,"The scientific study of language and its structure.","ภาษาศาสตร์","He is a professor of linguistics.<br>The course covers phonetics, syntax, and other aspects of linguistics.<br>She has a degree in applied linguistics.",philology, language science,-,linguist, linguistic,advanced,low
Education & Learning,Mnemonic,Noun,"A device such as a pattern of letters, ideas, or associations that assists in remembering something.","ความทรงจำช่วย","He used a mnemonic to remember the names of the planets.<br>A simple mnemonic device can make a big difference in studying.<br>The phrase "ROY G. BIV" is a mnemonic for the colors of the rainbow.",memory aid, reminder,-,mnemonic, advanced,low
Education & Learning,Paradigm,Noun,"A typical example or pattern of something; a model.","กระบวนทัศน์","The new theory is a paradigm shift in education.<br>The internet has created a new paradigm for communication.<br>His work offers a new paradigm for understanding the issue.",model, framework, pattern,-,paradigmatic, advanced,high
Education & Learning,Pedagogical,Adjective,"Relating to teaching.","เกี่ยวกับวิธีสอน","His pedagogical approach is very innovative.<br>The teacher's pedagogical skills are excellent.<br>The conference focused on pedagogical theories.",instructional, educational, didactic,-,pedagogy, advanced,medium
Education & Learning,Proficiency,Noun,"A high degree of competence or skill.","ความเชี่ยวชาญ","The course is designed to improve language proficiency.<br>She demonstrated great proficiency in her work.<br>The exam measures your proficiency in English.",expertise, mastery, skill,incompetence, inability,proficient, proficiently,intermediate,high
Education & Learning,Requisite,Adjective,"Required for a particular purpose or position.","ที่จำเป็น","A university degree is a requisite for this job.<br>He has all the requisite skills for the position.<br>Patience is a requisite for being a good teacher.",necessary, essential, required,unnecessary, optional,requisite, intermediate,medium
Education & Learning,Scaffolding,Noun,"The provision of temporary support to help a student learn a new skill.","การช่วยเหลือแบบชั่วคราว","Teachers use scaffolding to help students with difficult tasks.<br>The tutor provided scaffolding by breaking down the problem into smaller steps.<br>This method involves providing support that is gradually removed.",support system, guidance,-,scaffold, advanced,low
Education & Learning,Schema,Noun,"A representation of a plan or theory in the form of an outline or model.","แผนการ, โครงสร้าง","Students build new knowledge by connecting it to their existing schemas.<br>The architect created a schema for the building.<br>The brain organizes information into cognitive schemas.",framework, structure, outline,-,schematic, intermediate,low
Education & Learning,Standardization,Noun,"The process of making something conform to a standard.","การทำให้เป็นมาตรฐาน","The standardization of curriculum helps ensure quality across schools.<br>The company is working on the standardization of its products.<br>Standardization can sometimes stifle creativity.",uniformity, conformity, regulation,diversification, variation,standardize, intermediate,high
Education & Learning,Summative,Adjective,"Relating to or constituting a summary; concluded by a final act.","ที่สรุปผล","A final exam is a summative assessment of a student's knowledge.<br>The project report provided a summative overview of the research.<br>This is a summative review of the whole year's work.",concluding, final, comprehensive,-,summate, intermediate,medium
Education & Learning,Synchronous,Adjective,"Existing or occurring at the same time.","พร้อมกัน, ที่เกิดขึ้นในเวลาเดียวกัน","Synchronous online classes require students and teachers to be online at the same time.<br>The team had a synchronous meeting every morning.<br>The dance was performed in synchronous movements.",simultaneous, concurrent, contemporaneous,asynchronous, intermediate,medium
Education & Learning,Syntax,Noun,"The arrangement of words and phrases to create well-formed sentences in a language.","วากยสัมพันธ์","The student's essay had many errors in syntax.<br>He is studying the syntax of English.<br>Proper syntax is crucial for clear writing.",grammar, sentence structure,-,syntactic, syntactically,advanced,low
Education & Learning,Taxonomy,Noun,"The branch of science concerned with classification.","อนุกรมวิธาน, การจัดหมวดหมู่","Bloom's Taxonomy is a widely used framework for educational objectives.<br>The project involves the taxonomy of plants.<br>He has created a new taxonomy for his data.",classification, categorization, arrangement,-,taxonomic, taxonomist,advanced,low
Education & Learning,Thesis,Noun,"A statement or theory that is put forward as a premise to be maintained or proved.","วิทยานิพนธ์, ข้อสรุป","She is writing her master's thesis on a new teaching method.<br>His main thesis is that education should be free.<br>He defended his thesis in front of a panel of experts.",dissertation, proposition, argument,-,-,intermediate,high
Education & Learning,Transdisciplinary,Adjective,"Relating to or involving more than one academic discipline.","ข้ามสาขาวิชา","The project took a transdisciplinary approach, blending science, art, and philosophy.<br>Transdisciplinary research aims to solve problems that are beyond the scope of a single field.<br>It's a step beyond interdisciplinary.",holistic, cross-disciplinary,-,transdisciplinary, advanced,low
Education & Learning,Undergraduate,Noun,"A student at a college or university who has not yet received a degree.","นักศึกษาระดับปริญญาตรี","She is an undergraduate student at Cambridge.<br>The university offers many undergraduate courses.<br>He is in his final year as an undergraduate.",student, matriculant,-,postgraduate, graduate,intermediate,high
Education & Learning,Verification,Noun,"The process of establishing the truth, accuracy, or validity of something.","การตรวจสอบความถูกต้อง","The lab is responsible for the verification of the test results.<br>He provided the necessary documents for verification.<br>The process requires careful verification of all data points.",confirmation, substantiation, authentication,falsification, invalidation,verify, verifiable,intermediate,high
Education & Learning,Vestibular,Adjective,"Relating to the perception of bodily position and movement, including the sense of balance.","เกี่ยวกับการทรงตัว","A strong vestibular system is important for a child's learning.<br>The vestibular system is located in the inner ear.<br>Vestibular input is part of some special education programs.",balance, equilibrium,-,-,advanced,low
Education & Learning,Didacticism,Noun,"The tendency to give instruction or to moralize.","ลัทธิการสอน","The novel was criticized for its excessive didacticism.<br>His speeches are full of didacticism.<br>The film avoids overt didacticism in favor of subtlety.",moralizing, preachiness, instruction,-,-,advanced,low
Education & Learning,Dichotomous,Adjective,"Divided into two parts.","แบ่งเป็นสองส่วน","The education system is often seen as dichotomous, separating students into academic and vocational tracks.<br>The test has dichotomous questions.<br>The research reveals a dichotomous result.",binary, dual, split,monolithic, integrated,dichotomy, advanced,low
Education & Learning,Empowerment,Noun,"Authority or power given to someone to do something.","การให้อำนาจ","The school aims to foster student empowerment through leadership programs.<br>The movement advocates for the empowerment of women.<br>This policy leads to local empowerment.",authorization, enabling, liberation,disempowerment, disempower,empower, intermediate,high
Education & Learning,Enrich,Verb,"To improve or enhance the quality or value of something.","เสริมสร้าง","Reading can enrich your vocabulary.<br>The program is designed to enrich the lives of young children.<br>Travel can enrich your understanding of different cultures.",enhance, improve, augment,impoverish, deplete,enrichment, enriched,intermediate,medium
Education & Learning,Experiential learning,Phrase,"The process of learning through experience, and is more specifically defined as 'learning through reflection on doing'.","การเรียนรู้จากประสบการณ์","The program focuses on experiential learning, with students working on real projects.<br>Experiential learning is a powerful teaching method.<br>The school trip was a form of experiential learning.",hands-on learning, discovery learning,-,-,advanced,medium
Education & Learning,Extramural,Adjective,"Outside the walls or boundaries of a city, university, etc.","นอกมหาวิทยาลัย","The university offers extramural courses for non-students.<br>He is an extramural student.<br>The team played an extramural match.",extracurricular,-,intramural,-,advanced,low
Education & Learning,Formative,Adjective,"Serving to form something, especially having a profound influence on a person's development.","ที่มีส่วนในการก่อร่างสร้างตัว","The formative years of a child's education are crucial.<br>This was a formative experience in my career.<br>The professor's feedback was formative for my project.",developmental, shaping, influential,destructive, detrimental,formatively, advanced,high
Education & Learning,Holistically,Adverb,"In a holistic manner.","แบบองค์รวม","The school approaches each student holistically.<br>We need to think holistically about the problem.<br>The program addresses wellness holistically.",comprehensively, entirely, integratedly,partially, segmentally,holistic, advanced,medium
Education & Learning,Incentivize,Verb,"To motivate or encourage someone to do something.","จูงใจ, กระตุ้น","The school will incentivize good attendance with rewards.<br>The company is trying to incentivize employees to work harder.<br>What will incentivize people to use this new system?",motivate, stimulate, encourage,disincentivize, deter,incentive, intermediate,high
Education & Learning,Inquiry,Noun,"An act of asking for information.","การสืบสวนสอบสวน, การสอบถาม","The students engaged in a deep inquiry into the subject.<br>She made an inquiry about the course.<br>The report is the result of a lengthy inquiry.",investigation, research, question,-,inquire, intermediate,medium
Education & Learning,Intellectual,Adjective,"Relating to the intellect.","เกี่ยวกับสติปัญญา","The course provides great intellectual stimulation.<br>He is a highly intellectual person.<br>The debate was on an intellectual level.",academic, cerebral, mental,physical, unintelligent,intellect, intermediate,high
Education & Learning,Interpersonal,Adjective,"Relating to relationships or communication between people.","ระหว่างบุคคล","The program focuses on developing students' interpersonal skills.<br>He has excellent interpersonal skills.<br>Her interpersonal relationships at work are very positive.",social, relational, communicative,-,interpersonally, intermediate,high
Education & Learning,Kinesthetic,Adjective,"Relating to a person's awareness of the position and movement of the parts of the body.","เกี่ยวกับการเคลื่อนไหว","Kinesthetic learning is great for hands-on activities.<br>The exercise improves kinesthetic awareness.<br>The dance class engages kinesthetic intelligence.",tactile, motor,-,kinesthetically, advanced,low
Education & Learning,Literate,Adjective,"Able to read and write.","ที่อ่านออกเขียนได้","He is a very literate person.<br>The population is now 99% literate.<br>Being digitally literate is essential in today's world.",educated, learned, knowledgeable,illiterate, uneducated,literacy, intermediate,high
Education & Learning,Logistics,Noun,"The detailed coordination of a complex operation involving many people, facilities, or supplies.","การจัดการ, การขนส่ง","The logistics of organizing the school trip were complex.<br>He is in charge of the event logistics.<br>The team handled the logistics for the conference.",coordination, planning, management,-,logistic, intermediate,medium
Education & Learning,Matriculation,Noun,"The action of enrolling at a college or university.","การลงทะเบียนเรียน","Matriculation at the university takes place in September.<br>He completed his matriculation papers.<br>The ceremony marks the beginning of their matriculation.",enrollment, registration, admission,-,matriculate, intermediate,low
Education & Learning,Methodology,Noun,"A system of methods used in a particular area of study or activity.","ระเบียบวิธี","The research methodology for the study was very rigorous.<br>The professor explained his teaching methodology.<br>The book describes a new methodology for language acquisition.",approach, procedure, technique,-,methodological, advanced,high
Education & Learning,Modality,Noun,"A particular mode in which something exists or is experienced or expressed.","รูปแบบ, ลักษณะ","The class is offered in three modalities: online, in-person, and hybrid.<br>We need to consider the various modalities of learning.<br>The new system has multiple modalities for user input.",form, type, format,-,modal, intermediate,medium
Education & Learning,Module,Noun,"Each of a set of self-contained units that can be used in combination with other units.","โมดูล, ส่วนประกอบ","The course is divided into four modules.<br>You need to complete all the modules to get the certificate.<br>The online training consists of several learning modules.",unit, section, segment,-,modular, intermediate,high
Education & Learning,Monograph,Noun,"A detailed written study of a single specialized subject or an aspect of it.","เอกสารวิจัย, บทความเฉพาะเรื่อง","He published a monograph on the history of education.<br>The library holds a rare monograph on the topic.<br>The research was presented in a detailed monograph.",treatise, paper, study,-,-,advanced,low
Education & Learning,Multilingualism,Noun,"The use of more than one language.","ความสามารถหลายภาษา","The school promotes multilingualism and cultural understanding.<br>Her multilingualism is an asset in her job.<br>Multilingualism is common in many parts of the world.",polylingualism,-,monolingualism,multilingual, advanced,low
Education & Learning,Pedagogue,Noun,"A teacher, especially a strict or pedantic one.","นักการศึกษา, ครู","He is a respected pedagogue and a great writer.<br>The old pedagogue was known for his rigorous methods.<br>The conference brought together many renowned pedagogues.",teacher, instructor, educator,-,pedagogy, pedagogical,advanced,low
Education & Learning,Plagiarism,Noun,"The practice of taking someone else's work or ideas and passing them off as one's own.","การคัดลอกผลงาน, การลอกเลียนแบบ","Plagiarism is a serious academic offense.<br>The university has a strict policy against plagiarism.<br>He was accused of plagiarism in his essay.",piracy, copying, appropriation,-,plagiarize, plagiarist,intermediate,high
Education & Learning,Prerequisite,Noun,"A thing that is required as a prior condition for something else to happen or exist.","สิ่งจำเป็นเบื้องต้น","A good understanding of math is a prerequisite for this course.<br>Passing the first exam is a prerequisite for the next level.<br>What are the prerequisites for the program?",requirement, condition, necessity,-,prerequisite, intermediate,high
Education & Learning,Qualitative,Adjective,"Relating to, measuring, or measured by the quality of something rather than its quantity.","เชิงคุณภาพ","The study used a qualitative approach to analyze student feedback.<br>We need to do a qualitative assessment of the program.<br>The research is based on qualitative data.",descriptive, subjective, non-numerical,quantitative, objective,qualitatively, advanced,medium
Education & Learning,Quantitative,Adjective,"Relating to, measuring, or measured by the quantity of something rather than its quality.","เชิงปริมาณ","The report is based on quantitative data.<br>We need a quantitative analysis of the results.<br>The research used a quantitative approach.",numerical, statistical, objective,qualitative, subjective,quantitatively, advanced,medium
Education & Learning,Rigor,Noun,"Thoroughness and accuracy.","ความเข้มงวด, ความละเอียดถี่ถ้วน","The program is known for its academic rigor.<br>He applied a high degree of rigor to his research.<br>The exam was designed with a great deal of rigor.",thoroughness, meticulousness, strictness,laxity, looseness,rigorous, advanced,medium
Education & Learning,Rubric,Noun,"A set of rules or instructions, especially one for a test or task.","เกณฑ์การให้คะแนน","The teacher provided a detailed rubric for the essay.<br>You can use the rubric to understand how your project will be graded.<br>The rubric clearly outlines the expectations.",guideline, grading criteria, scoring guide,-,-,intermediate,low
Education & Learning,Segregation,Noun,"The action or state of setting someone or something apart from other people or things or being set apart.","การแบ่งแยก","Racial segregation in schools was a major issue in the past.<br>Segregation of students with different abilities can be harmful.<br>We need to end segregation in all forms.",separation, isolation, division,integration, inclusion,segregate, intermediate,medium
Education & Learning,Specialization,Noun,"The process of becoming an expert in a particular subject or skill.","ความเชี่ยวชาญเฉพาะด้าน","She chose a specialization in artificial intelligence.<br>The program offers a wide range of specializations.<br>His specialization is in ancient history.",concentration, expertise, niche,-,specialize, specialized,advanced,medium
Education & Learning,Stagnation,Noun,"The state of not flowing or moving; a lack of activity, growth, or development.","ความซบเซา, การหยุดนิ่ง","Educational stagnation is a problem in many developing countries.<br>The economy is experiencing a period of stagnation.<br>We need to overcome this intellectual stagnation.",inactivity, inertia, idleness,progress, growth,stagnate, stagnant,intermediate,low
Education & Learning,Stipend,Noun,"A fixed regular sum paid as a salary or allowance.","เบี้ยเลี้ยง, เงินเดือน","The company offers a stipend to interns.<br>He received a stipend for his graduate studies.<br>The fellowship provides a monthly stipend to its members.",allowance, grant, payment,-,-,advanced,low
Education & Learning,Stratification,Noun,"The arrangement or classification of something into different groups.","การแบ่งชั้น","Social stratification can lead to educational inequality.<br>The report discusses the stratification of the population by income.<br>The study analyzed the social stratification in the school system.",hierarchy, division, layering,integration, homogenization,stratify, stratified,advanced,low
Education & Learning,Subjective,Adjective,"Based on or influenced by personal feelings, tastes, or opinions.","อัตวิสัย","The grading for the art project is often subjective.<br>His opinion on the matter is very subjective.<br>The report is too subjective and lacks objective data.",personal, biased, prejudiced,objective, impartial,subjectively, intermediate,high
Education & Learning,Sustainable,Adjective,"Able to be maintained at a certain rate or level.","ที่ยั่งยืน","The new policy aims to create a sustainable education system.<br>We need to find a sustainable solution to the problem.<br>The project is not financially sustainable in the long run.",viable, enduring, lasting,unsustainable, temporary,sustainability, intermediate,high
Education & Learning,Syllabus,Noun,"An outline of the subjects in a course of study or teaching.","คำอธิบายรายวิชา","The syllabus for this course is available online.<br>The professor handed out the course syllabus on the first day.<br>The syllabus outlines the topics, readings, and assignments.",curriculum, program, outline,-,syllabi,intermediate,high
Education & Learning,Vocational,Adjective,"Relating to an occupation or employment.","เกี่ยวกับอาชีพ, ทางอาชีวะ","Vocational training provides practical skills for a specific job.<br>He chose a vocational college over a traditional university.<br>The new school offers a variety of vocational courses.",occupational, professional, trade,academic,vocation,intermediate,medium
Education & Learning,Didactically,Adverb,"In a manner that is intended to teach.","อย่างเป็นเชิงสอน","He presented the information didactically.<br>The book is written didactically to help the reader learn.<br>The teacher speaks didactically to her students.",instructionally, educationally,pedagogically,-,didactic, advanced,low
Education & Learning,Dissonance,Noun,"Lack of agreement or harmony between people or things.","ความไม่สอดคล้อง","The cognitive dissonance he felt was unsettling.<br>There was a dissonance between what she said and what she did.<br>The political dissonance in the country is growing.",disagreement, conflict, discord,harmony, agreement,dissonant, advanced,low
Education & Learning,Empiricism,Noun,"The theory that all knowledge is derived from sense-experience.","ประสบการณ์นิยม","His philosophy is based on empiricism.<br>Empiricism is the foundation of modern science.<br>The study of human behavior is rooted in empiricism.",experientialism,-,rationalism,-,advanced,low
Education & Learning,Equitability,Noun,"The quality of being fair and impartial.","ความยุติธรรม, ความเสมอภาค","The policy was designed to ensure equitability in resource allocation.<br>The group's decision-making process is known for its equitability.<br>They are seeking equitability in education.",fairness, justice, impartiality,inequitability, unfairness,equitable, advanced,high
Education & Learning,Extracurriculars,Noun,"Activities that are not part of the normal curriculum.","กิจกรรมนอกหลักสูตร","She participates in many extracurriculars like sports and drama.<br>Getting involved in extracurriculars can make you a more well-rounded person.<br>The school offers a variety of extracurriculars.",co-curriculars, outside activities,-,curriculars, intermediate,medium
Education & Learning,Formative,Adjective,"Serving to form something, especially having a profound influence on a person's development.","ที่ก่อให้เกิดการพัฒนา","The formative years of a child's education are crucial.<br>This was a formative experience in my career.<br>The professor's feedback was formative for my project.",developmental, shaping, influential,destructive, detrimental,formatively, advanced,high
Education & Learning,Guidance counselor,Noun,"A person who provides students with advice about their academic or personal lives.","ครูแนะแนว","The guidance counselor helped me choose my university.<br>Students can meet with the guidance counselor to discuss their career plans.<br>She is a very helpful guidance counselor.",advisor, mentor, consultant,-,-,intermediate,high
Education & Learning,Homogeneity,Noun,"The quality or state of being all the same or all of the same kind.","ความเป็นเนื้อเดียวกัน","The school's student body lacks homogeneity.<br>There is a homogeneity in their musical tastes.<br>The study analyzed the homogeneity of the samples.",uniformity, similarity, sameness,heterogeneity, diversity,homogeneous, advanced,low
Education & Learning,Inclusivity,Noun,"The policy of including people who might otherwise be excluded or marginalized.","การไม่แบ่งแยก","The school promotes inclusivity in all its programs.<br>The goal is to create a sense of inclusivity for all students.<br>The company is committed to workplace inclusivity.",inclusion, integration, acceptance,exclusivity, segregation,inclusive, advanced,high
Education & Learning,Indoctrinate,Verb,"To teach (a person or group) to accept a set of beliefs uncritically.","ปลูกฝังความเชื่อ","The purpose of education is not to indoctrinate students.<br>He was accused of trying to indoctrinate his followers.<br>The class was designed to indoctrinate students with a new philosophy.",brainwash, propagandize, instill,educate, inform,indoctrination, intermediate,low
Education & Learning,Innate,Adjective,"Inborn; natural.","ที่มีมาแต่กำเนิด, โดยธรรมชาติ","She has an innate talent for music.<br>Some scientists believe that language ability is innate.<br>He has an innate sense of humor.",inborn, natural, inherent,acquired, learned,innately, advanced,medium
Education & Learning,Inquisitive,Adjective,"Having or showing an interest in learning things; curious.","อยากรู้อยากเห็น","She is a very inquisitive student.<br>The child has an inquisitive mind.<br>He asked many inquisitive questions about the topic.",curious, questioning, probing,uninterested, incurious,inquisitiveness, intermediate,medium
Education & Learning,Interpersonal,Adjective,"Relating to relationships or communication between people.","ระหว่างบุคคล","The program focuses on developing students' interpersonal skills.<br>He has excellent interpersonal skills.<br>Her interpersonal relationships at work are very positive.",social, relational, communicative,-,interpersonally, intermediate,high
Education & Learning,Literacy,Noun,"The ability to read and write.","การรู้หนังสือ","The program aims to improve adult literacy in rural areas.<br>Digital literacy is a vital skill in the modern world.<br>The government has launched a campaign to promote financial literacy.",-,illiteracy,literate, illiterate,intermediate,high
Education & Learning,Matriculate,Verb,"To be enrolled at a college or university.","ลงทะเบียนเรียน","She matriculated at Harvard University last year.<br>He hopes to matriculate next fall.<br>Students must complete a series of courses to matriculate.",enroll, register, admit,-,matriculation, intermediate,low
Education & Learning,Mentee,Noun,"A person who is advised, trained, or guided by a mentor.","ลูกศิษย์, ผู้ได้รับการแนะนำ","The mentor and his mentee worked on the project together.<br>She is a mentee in the new program.<br>The mentee learned a lot from her mentor's experience.",protégé, trainee, apprentice,-,mentor, mentorship,advanced,low
Education & Learning,Monolingual,Adjective,"(of a person or society) speaking only one language.","ใช้ภาษาเดียว","Most people in the country are monolingual.<br>He is a monolingual speaker of English.<br>The study compares monolingual and bilingual children.",unilingual,-,bilingual, multilingual,monolingualism, intermediate,low
Education & Learning,Multidisciplinary,Adjective,"Combining or involving several academic disciplines or professional specializations in an approach to a topic or problem.","หลากหลายสาขาวิชา","The research is a multidisciplinary study of art and science.<br>The team took a multidisciplinary approach to the problem.<br>The conference focused on multidisciplinary topics.",interdisciplinary, cross-disciplinary,-,unidisciplinary,-,advanced,medium
Education & Learning,Pedantic,Adjective,"Relating to or being a person who is excessively concerned with minor details and rules.","จู้จี้จุกจิก, พิถีพิถัน","His teaching style is very pedantic and rigid.<br>She was criticized for her pedantic attention to detail.<br>The professor was pedantic about grammar.",fussy, meticulous, scrupulous,careless, imprecise,pedantry, advanced,low
Education & Learning,Pragmatic,Adjective,"Dealing with things sensibly and realistically in a way that is based on practical rather than theoretical considerations.","ในทางปฏิบัติ","He takes a pragmatic approach to education.<br>The solution was a pragmatic one.<br>We need to be pragmatic about the situation.",practical, realistic, sensible,idealistic, theoretical,pragmatism, intermediate,high
Education & Learning,Proactive,Adjective,"(of a person or action) creating or controlling a situation by causing something to happen rather than just responding to it after it has happened.","เชิงรุก","A proactive teacher anticipates students' needs.<br>He is very proactive in his work.<br>We need to take a proactive stance on the issue.",forward-looking, anticipatory, enterprising,reactive, passive,proactively, intermediate,medium
Education & Learning,Proficiency,Noun,"A high degree of competence or skill; expertise.","ความเชี่ยวชาญ","The course is designed to improve language proficiency.<br>She demonstrated great proficiency in her work.<br>The exam measures your proficiency in English.",expertise, mastery, skill,incompetence, inability,proficient, proficiently,intermediate,high
Education & Learning,Qualitative,Adjective,"Relating to, measuring, or measured by the quality of something rather than its quantity.","เชิงคุณภาพ","The study used a qualitative approach to analyze student feedback.<br>We need to do a qualitative assessment of the program.<br>The research is based on qualitative data.",descriptive, subjective, non-numerical,quantitative, objective,qualitatively, advanced,medium
Education & Learning,Quantify,Verb,"To express or measure the quantity of something.","ระบุจำนวน","It's hard to quantify the benefits of a good education.<br>The research aims to quantify the results.<br>You need to quantify your findings with numbers.",measure, count, calculate,estimate, qualify,quantifiable, quantitative,advanced,low
Education & Learning,Recalibrate,Verb,"To adjust or readjust (something) to its previous state or to a new standard.","ปรับใหม่","The teacher had to recalibrate her teaching methods after the feedback.<br>We need to recalibrate our goals.<br>The company decided to recalibrate its strategy.",readjust, reset, re-evaluate,-,recalibration, advanced,low
Education & Learning,Remedial,Adjective,"Giving or intended as a remedy or cure.","แก้ไข, บรรเทา","The school offers remedial classes for students who are struggling.<br>He received remedial reading instruction.<br>The program provides remedial assistance in math.",corrective, therapeutic, curative,-,remedy, intermediate,low
Education & Learning,Retention,Noun,"The continued possession, use, or control of something.","การรักษาไว้","The school has a high student retention rate.<br>Employee retention is a key goal for the company.<br>The brain's retention of information is fascinating.",holding, preservation, keeping,loss, release,retain, intermediate,high
Education & Learning,Scaffolding,Noun,"The provision of temporary support to help a student learn a new skill.","การช่วยเหลือแบบชั่วคราว","Teachers use scaffolding to help students with difficult tasks.<br>The tutor provided scaffolding by breaking down the problem into smaller steps.<br>This method involves providing support that is gradually removed.",support system, guidance,-,scaffold, advanced,low
Education & Learning,Socratic,Adjective,"Relating to or characteristic of Socrates or his philosophy.","แบบโสคราติส","The teacher used a Socratic approach to teaching.<br>The debate was a Socratic exchange of ideas.<br>His method of questioning is Socratic.",inquisitive, philosophical, questioning,-,Socratic method, advanced,low
Education & Learning,Special needs,Phrase,"Particular needs of a person with a physical or mental disability.","ความต้องการพิเศษ","The school has a program for students with special needs.<br>He is a teacher for special needs children.<br>The building has a ramp for people with special needs.",disability, learning difficulty,-,-,intermediate,high
Education & Learning,Stagnant,Adjective,"Not active, growing, or developing.","ที่หยุดนิ่ง, ซบเซา","The stagnant economy is affecting funding for education.<br>His career has been stagnant for years.<br>The stagnant water was a breeding ground for mosquitoes.",dormant, inactive, motionless,growing, thriving,stagnate, stagnation,intermediate,low
Education & Learning,Stamina,Noun,"The ability to sustain prolonged physical or mental effort.","ความอดทน","Studying for the exam requires a lot of mental stamina.<br>He has the stamina of a long-distance runner.<br>You need stamina to work long hours.",endurance, resilience, fortitude,weakness, fragility,-,intermediate,low
Education & Learning,Stratify,Verb,"To arrange or classify in a layered or hierarchical manner.","จัดเรียงเป็นชั้น","The research study stratified the population by age and income.<br>The system tends to stratify students based on test scores.<br>Societies are often stratified by social class.",layer, classify, arrange,mix, blend,stratification, stratified,advanced,low
Education & Learning,Subjective,Adjective,"Based on or influenced by personal feelings, tastes, or opinions.","อัตวิสัย","The grading for the art project is often subjective.<br>His opinion on the matter is very subjective.<br>The report is too subjective and lacks objective data.",personal, biased, prejudiced,objective, impartial,subjectively, intermediate,high
Education & Learning,Summative,Adjective,"Relating to or constituting a summary; concluded by a final act.","ที่สรุปผล","A final exam is a summative assessment of a student's knowledge.<br>The project report provided a summative overview of the research.<br>This is a summative review of the whole year's work.",concluding, final, comprehensive,-,summate, intermediate,medium
Education & Learning,Synchronously,Adverb,"At the same time.","พร้อมกัน","The students and teacher worked synchronously on the project via video call.<br>The two systems updated synchronously.<br>They logged into the platform synchronously for the live lecture.",simultaneously, concurrently,asynchronously, intermediate,medium
Education & Learning,Syllabus,Noun,"An outline of the subjects in a course of study or teaching.","คำอธิบายรายวิชา","The syllabus for this course is available online.<br>The professor handed out the course syllabus on the first day.<br>The syllabus outlines the topics, readings, and assignments.",curriculum, program, outline,-,syllabi,intermediate,high
Education & Learning,Taxonomy,Noun,"The branch of science concerned with classification.","อนุกรมวิธาน, การจัดหมวดหมู่","Bloom's Taxonomy is a widely used framework for educational objectives.<br>The project involves the taxonomy of plants.<br>He has created a new taxonomy for his data.",classification, categorization, arrangement,-,taxonomic, taxonomist,advanced,low
Education & Learning,Telecommuting,Noun,"The practice of working from home, making use of the Internet, email, and the telephone.","การทำงานทางไกล","Telecommuting has become a new way to work for many people.<br>The company is encouraging telecommuting to reduce office costs.<br>She enjoys the flexibility of telecommuting.",remote work, telework,-,commute, intermediate,medium
Education & Learning,Transcend,Verb,"To be or go beyond the range or limits of (something).","ก้าวข้าม, เหนือกว่า","Education can help you transcend your limitations.<br>His music transcends cultural boundaries.<br>The artist's work transcends traditional forms.",surpass, exceed, rise above,fall behind, be limited,transcendent, advanced,low
Education & Learning,Tutelage,Noun,"Protection of or authority over someone or something; guardianship.","การสอน, การดูแล, การปกครอง","She progressed quickly under the tutelage of her piano teacher.<br>The young artist benefited from the tutelage of a renowned painter.<br>Students receive expert tutelage from experienced instructors.",guidance, instruction, guardianship,-,tutor,advanced,low
Education & Learning,Unconventional,Adjective,"Not based on or conforming to what is generally done or believed.","ที่ไม่เป็นแบบแผน","He has an unconventional teaching style.<br>The building's design is very unconventional.<br>The company uses an unconventional marketing strategy.",unorthodox, unusual, unique,conventional, traditional,unconventionally, intermediate,medium
Education & Learning,Underpin,Verb,"To support, justify, or form the basis for.","ค้ำจุน, สนับสนุน","The new theory is underpinned by extensive research.<br>The principles of freedom underpin the country's laws.<br>His arguments are underpinned by strong evidence.",support, substantiate, reinforce,undermine, weaken,underpinning, advanced,low
Education & Learning,Verbalize,Verb,"To express (ideas or feelings) in words.","พูดออกมา, แสดงความคิดเห็น","Students were encouraged to verbalize their thoughts.<br>He found it difficult to verbalize his feelings.<br>She verbalized her concerns during the meeting.",articulate, express, vocalize,suppress, conceal,verbalization, verbal,intermediate,low
Education & Learning,Vocation,Noun,"A strong feeling of suitability for a particular career or occupation.","อาชีพ, งานที่ทำ","She found her true vocation in teaching.<br>He feels that his vocation is to help others.<br>His passion for art turned into his vocation.",calling, mission, profession,-,vocational, intermediate,low
Education & Learning,Web-based,Adjective,"Based on or relating to a website or the Internet.","ที่ใช้เว็บเป็นฐาน","The school uses a web-based learning platform.<br>The software is a web-based application.<br>We can access the materials through the web-based system.",online, Internet-based,-,-,intermediate,low
Education & Learning,Academician,Noun,"A person who is a member of an academy or learned society.","นักวิชาการ","He is a respected academician in his field.<br>The group of academicians met to discuss the new theory.<br>The university is a home for many famous academicians.",scholar, professor, intellectual,-,-,advanced,low
Education & Learning,Assessment,Noun,"The evaluation or estimation of the nature, quality, or ability of someone or something.","การประเมินผล","The teacher uses a variety of assessment methods to evaluate student progress.<br>The final assessment will be a written exam.<br>Regular assessments help identify areas for improvement.",evaluation, appraisal, measurement,-,assess, assessed,intermediate,high
Education & Learning,Blended,Adjective,"Combining two or more things.","ผสมผสาน","The university offers a blended learning program.<br>The new approach is a blended model of traditional and modern methods.<br>The recipe calls for a blended mix of herbs.",mixed, combined, integrated,separate, distinct,blend, blending,intermediate,medium
Education & Learning,Curriculum,Noun,"The subjects comprising a course of study in a school or college.","หลักสูตร","The new curriculum places a greater emphasis on science.<br>The school is revising its curriculum to include more practical skills.<br>Students are required to take a broad range of subjects in their curriculum.",syllabus, course of study, program,-,curricula,intermediate,high
Education & Learning,Differentiated,Adjective,"Recognized as or made different.","ที่แตกต่าง","The teacher used a differentiated approach to teaching.<br>The company offers a differentiated product.<br>The students are grouped into differentiated levels.",distinctive, varied, diverse,uniform, same,differentiate, differentiation,intermediate,high
Education & Learning,Enrichment,Noun,"The action of improving or enhancing the quality or value of something.","การเสริมสร้าง","The school offers enrichment programs for gifted students.<br>Reading can provide a great intellectual enrichment.<br>The field trip was a great form of enrichment for the class.",enhancement, improvement, augmentation,impoverishment, depletion,enrich, advanced,medium
Education & Learning,Epistemological,Adjective,"Relating to the theory of knowledge.","เกี่ยวกับญาณวิทยา","The debate took on an epistemological dimension.<br>His work has an epistemological focus.<br>She is interested in epistemological questions.",theoretical, philosophical,-,-,epistemology, advanced,low
Education & Learning,Holistic,Adjective,"Characterized by the belief that the parts of something are interconnected and can be explained only by reference to the whole.","แบบองค์รวม","A holistic approach to education focuses on the student's entire development, not just academic achievement.<br>We need to take a more holistic view of the problem.<br>The program promotes a holistic view of wellness, including mind, body, and spirit.",comprehensive, integrated, complete,partial, compartmentalized,holistically, advanced,medium
Education & Learning,Implementation,Noun,"The process of putting a decision or plan into effect.","การนำไปใช้, การนำไปปฏิบัติ","The implementation of the new policy will take time.<br>The project's success depends on its effective implementation.<br>The team is responsible for the implementation of the new system.",execution, application, enactment,failure, rejection,implement, intermediate,high
Education & Learning,Incentivize,Verb,"To motivate or encourage someone to do something.","จูงใจ, กระตุ้น","The school will incentivize good attendance with rewards.<br>The company is trying to incentivize employees to work harder.<br>What will incentivize people to use this new system?",motivate, stimulate, encourage,disincentivize, deter,incentive, intermediate,high
Education & Learning,Interdisciplinary,Adjective,"Relating to more than one branch of knowledge.","สหวิทยาการ","The course is an interdisciplinary study of art and history.<br>We need an interdisciplinary approach to solve this problem.<br>Her research is highly interdisciplinary.",multidisciplinary, cross-disciplinary,-,-,advanced,medium
Education & Learning,Iterative,Adjective,"Repeating a process in a way that improves on previous results.","ซ้ำไปซ้ำมาเพื่อปรับปรุง","The project used an iterative design process.<br>Learning is an iterative process of trial and error.<br>We will be making iterative changes to the software.",repetitive, cyclical, progressive,-,iterate, iteration,advanced,low
Education & Learning,Laissez-faire,Phrase,"A policy or attitude of letting things take their own course, without interfering.","ปล่อยให้เป็นไปตามยถากรรม","The professor's laissez-faire teaching style allowed students great freedom.<br>The government has adopted a laissez-faire approach to the economy.<br>He has a laissez-faire attitude towards his children's education.",non-interventionist, hands-off, permissive,interventionist, controlling,-,advanced,low
Education & Learning,Literacy,Noun,"The ability to read and write.","การรู้หนังสือ","The program aims to improve adult literacy in rural areas.<br>Digital literacy is a vital skill in the modern world.<br>The government has launched a campaign to promote financial literacy.",-,illiteracy,literate, illiterate,intermediate,high
Education & Learning,Logistics,Noun,"The detailed coordination of a complex operation involving many people, facilities, or supplies.","การจัดการ, การขนส่ง","The logistics of organizing the school trip were complex.<br>He is in charge of the event logistics.<br>The team handled the logistics for the conference.",coordination, planning, management,-,logistic, intermediate,medium
Education & Learning,Metacognitive,Adjective,"Relating to or based on metacognition.","เกี่ยวกับอภิปัญญา","The course encourages metacognitive strategies for learning.<br>She has a strong metacognitive awareness of her own thought process.<br>Metacognitive skills are crucial for effective self-learning.",self-aware, introspective,-,metacognition, advanced,low
Education & Learning,Monolingualism,Noun,"The use of only one language.","การใช้ภาษาเดียว","The program aims to move beyond monolingualism.<br>Monolingualism is becoming less common in a globalized world.<br>The study looked at the effects of monolingualism on cognitive development.",unilingualism,-,bilingualism, multilingualism,monolingual, intermediate,low
Education & Learning,Multilingualism,Noun,"The use of more than one language.","ความสามารถหลายภาษา","The school promotes multilingualism and cultural understanding.<br>Her multilingualism is an asset in her job.<br>Multilingualism is common in many parts of the world.",polylingualism,-,monolingualism,multilingual, advanced,low
Education & Learning,Pedagogy,Noun,"The method and practice of teaching.","ศาสตร์การสอน, การสอน","The workshop focused on modern pedagogy and teaching techniques.<br>Effective pedagogy is crucial for student engagement.<br>Teachers are always seeking to improve their pedagogy.",instruction, tuition, didactics,-,pedagogical, pedagogically,advanced,medium
Education & Learning,Proficiency,Noun,"A high degree of competence or skill; expertise.","ความเชี่ยวชาญ","The course is designed to improve language proficiency.<br>She demonstrated great proficiency in her work.<br>The exam measures your proficiency in English.",expertise, mastery, skill,incompetence, inability,proficient, proficiently,intermediate,high
Education & Learning,Requisite,Adjective,"Required for a particular purpose or position.","ที่จำเป็น","A university degree is a requisite for this job.<br>He has all the requisite skills for the position.<br>Patience is a requisite for being a good teacher.",necessary, essential, required,unnecessary, optional,requisite, intermediate,medium
Education & Learning,Scaffolding,Noun,"The provision of temporary support to help a student learn a new skill.","การช่วยเหลือแบบชั่วคราว","Teachers use scaffolding to help students with difficult tasks.<br>The tutor provided scaffolding by breaking down the problem into smaller steps.<br>This method involves providing support that is gradually removed.",support system, guidance,-,scaffold, advanced,low
Education & Learning,Summative,Adjective,"Relating to or constituting a summary; concluded by a final act.","ที่สรุปผล","A final exam is a summative assessment of a student's knowledge.<br>The project report provided a summative overview of the research.<br>This is a summative review of the whole year's work.",concluding, final, comprehensive,-,summate, intermediate,medium
Education & Learning,Synchronously,Adverb,"At the same time.","พร้อมกัน","The students and teacher worked synchronously on the project via video call.<br>The two systems updated synchronously.<br>They logged into the platform synchronously for the live lecture.",simultaneously, concurrently,asynchronously, intermediate,medium
Education & Learning,Syllabus,Noun,"An outline of the subjects in a course of study or teaching.","คำอธิบายรายวิชา","The syllabus for this course is available online.<br>The professor handed out the course syllabus on the first day.<br>The syllabus outlines the topics, readings, and assignments.",curriculum, program, outline,-,syllabi,intermediate,high
Education & Learning,Taxonomy,Noun,"The branch of science concerned with classification.","อนุกรมวิธาน, การจัดหมวดหมู่","Bloom's Taxonomy is a widely used framework for educational objectives.<br>The project involves the taxonomy of plants.<br>He has created a new taxonomy for his data.",classification, categorization, arrangement,-,taxonomic, taxonomist,advanced,low
Education & Learning,Tutelage,Noun,"Protection of or authority over someone or something; guardianship.","การสอน, การดูแล, การปกครอง","She progressed quickly under the tutelage of her piano teacher.<br>The young artist benefited from the tutelage of a renowned painter.<br>Students receive expert tutelage from experienced instructors.",guidance, instruction, guardianship,-,tutor,advanced,low
Education & Learning,Undergraduate,Noun,"A student at a college or university who has not yet received a degree.","นักศึกษาระดับปริญญาตรี","She is an undergraduate student at Cambridge.<br>The university offers many undergraduate courses.<br>He is in his final year as an undergraduate.",student, matriculant,-,postgraduate, graduate,intermediate,high
Education & Learning,Unconventional,Adjective,"Not based on or conforming to what is generally done or believed.","ที่ไม่เป็นแบบแผน","He has an unconventional teaching style.<br>The building's design is very unconventional.<br>The company uses an unconventional marketing strategy.",unorthodox, unusual, unique,conventional, traditional,unconventionally, intermediate,medium
Education & Learning,Vocational,Adjective,"Relating to an occupation or employment.","เกี่ยวกับอาชีพ, ทางอาชีวะ","Vocational training provides practical skills for a specific job.<br>He chose a vocational college over a traditional university.<br>The new school offers a variety of vocational courses.",occupational, professional, trade,academic,vocation,intermediate,medium
Education & Learning,Web-based,Adjective,"Based on or relating to a website or the Internet.","ที่ใช้เว็บเป็นฐาน","The school uses a web-based learning platform.<br>The software is a web-based application.<br>We can access the materials through the web-based system.",online, Internet-based,-,-,intermediate,low
Education & Learning,Academic,Adjective,"Relating to education, especially at a college or university level.","เกี่ยวกับวิชาการ,ทางการศึกษา","The university has a strong academic reputation.<br>He decided to pursue an academic career.<br>Academic success is not the only measure of intelligence.",scholastic, intellectual, educational,non-academic, practical,academically, academician,intermediate,high
Education & Learning,Curriculum,Noun,"The subjects comprising a course of study in a school or college.","หลักสูตร","The new curriculum places a greater emphasis on science.<br>The school is revising its curriculum to include more practical skills.<br>Students are required to take a broad range of subjects in their curriculum.",syllabus, course of study, program,-,curricula,intermediate,high
Education & Learning,Pedagogy,Noun,"The method and practice of teaching.","ศาสตร์การสอน, การสอน","The workshop focused on modern pedagogy and teaching techniques.<br>Effective pedagogy is crucial for student engagement.<br>Teachers are always seeking to improve their pedagogy.",instruction, tuition, didactics,-,pedagogical, pedagogically,advanced,medium
Education & Learning,Literacy,Noun,"The ability to read and write.","การรู้หนังสือ","The program aims to improve adult literacy in rural areas.<br>Digital literacy is a vital skill in the modern world.<br>The government has launched a campaign to promote financial literacy.",-,illiteracy,literate, illiterate,intermediate,high
Education & Learning,Vocational,Adjective,"Relating to an occupation or employment.","เกี่ยวกับอาชีพ, ทางอาชีวะ","Vocational training provides practical skills for a specific job.<br>He chose a vocational college over a traditional university.<br>The new school offers a variety of vocational courses.",occupational, professional, trade,academic,vocation,intermediate,medium
Education & Learning,Augment,Verb,"To make something greater by adding to it.","เพิ่มพูน, ขยาย","The teacher uses technology to augment classroom learning.<br>He took a part-time job to augment his income.<br>These exercises are designed to augment your vocabulary.",increase, enlarge, supplement,decrease, diminish,augmentation, augmented,intermediate,medium
Education & Learning,Disparity,Noun,"A great difference.","ความเหลื่อมล้ำ, ความแตกต่าง","There is a clear disparity in educational opportunities between urban and rural areas.<br>The report highlights the wage disparity between men and women.<br>They are working to address the global health disparity.",discrepancy, inequality, divergence,similarity, equality,disparate,intermediate,high
Education & Learning,Holistic,Adjective,"Characterized by the belief that the parts of something are interconnected and can be explained only by reference to the whole.","แบบองค์รวม","A holistic approach to education focuses on the student's entire development, not just academic achievement.<br>We need to take a more holistic view of the problem.<br>The program promotes a holistic view of wellness, including mind, body, and spirit.",comprehensive, integrated, complete,partial, compartmentalized,holistically, advanced,medium
Education & Learning,Credential,Noun,"A qualification, achievement, or aspect of a person's background.","ใบรับรอง, คุณสมบัติ","A university degree is a valuable credential for many jobs.<br>The company is looking for candidates with strong professional credentials.<br>He has impeccable credentials for the position.",qualification, certificate, testament,-,credentialed,intermediate,low
Education & Learning,Rote learning,Phrase,"Learning a topic through repetition and memorization, without understanding.","การเรียนแบบท่องจำ","Rote learning is not effective for developing critical thinking.<br>He had to use rote learning to memorize the historical dates.<br>Modern education systems are moving away from rote learning.",memorization, cramming,-,rote,intermediate,high
Education & Learning,Co-curricular,Adjective,"Activities that complement the formal curriculum.","กิจกรรมเสริมหลักสูตร","Participating in co-curricular activities is essential for a well-rounded education.<br>The school offers various co-curricular programs like sports and music.<br>Employers often look for candidates with strong co-curricular involvement.",extracurricular, supplementary,curricular,-,advanced,medium
Education & Learning,Tutelage,Noun,"Protection of or authority over someone or something; guardianship.","การสอน, การดูแล, การปกครอง","She progressed quickly under the tutelage of her piano teacher.<br>The young artist benefited from the tutelage of a renowned painter.<br>Students receive expert tutelage from experienced instructors.",guidance, instruction, guardianship,-,tutor,advanced,low
Education & Learning,Compulsory,Adjective,"Required by law or a rule; obligatory.","ภาคบังคับ, ที่ต้องทำ","Education is compulsory for children between the ages of 5 and 16.<br>It is compulsory to wear a seatbelt in the car.<br>Many countries have compulsory military service.",mandatory, obligatory, necessary,optional, voluntary,compel, compelled,intermediate,high
Education & Learning,Cognitive,Adjective,"Relating to the mental processes of perception, memory, and judgment.","เกี่ยวกับความรู้ความเข้าใจ","The test measures cognitive skills such as problem-solving.<br>Reading books can improve your cognitive function.<br>Children's cognitive development is a key focus of early education.",intellectual, mental, cerebral,-,cognitively,intermediate,high
Education & Learning,Innate,Adjective,"Inborn; natural.","ที่มีมาแต่กำเนิด, โดยธรรมชาติ","She has an innate talent for music.<br>Some scientists believe that language ability is innate.<br>He has an innate sense of humor.",inborn, natural, inherent,acquired, learned,innately, advanced,medium
Education & Learning,Incentive,Noun,"A thing that motivates or encourages one to do something.","สิ่งจูงใจ, แรงกระตุ้น","The scholarship serves as an incentive for students to study hard.<br>The company offers a financial incentive for employees to improve their performance.<br>What is your incentive for taking this course?",motivation, stimulus, encouragement,disincentive, hindrance,incentivize, intermediate,high
Education & Learning,Disseminate,Verb,"To spread or disperse (information, ideas, etc.) widely.","เผยแพร่, กระจาย","The school wants to disseminate information about the new program.<br>It is the media's role to disseminate news to the public.<br>We need to disseminate these findings to a wider audience.",spread, circulate, distribute,suppress, withhold,dissemination, advanced,medium
Education & Learning,Subsidize,Verb,"To support (an organization or activity) financially.","อุดหนุน, สนับสนุนทางการเงิน","The government subsidizes public universities to keep tuition fees low.<br>The state heavily subsidizes the public transport system.<br>The company will subsidize the cost of training for its staff.",fund, finance, sponsor,defund,-,subsidy, subsidized,advanced,medium
Education & Learning,Equitable,Adjective,"Fair and impartial.","ที่เป็นธรรม, เสมอภาค","The goal is to create a more equitable education system.<br>They are working to ensure an equitable distribution of resources.<br>Everyone deserves equitable access to healthcare.",fair, just, impartial,unequal, unfair,equitably, equity,advanced,high
Education & Learning,Invaluable,Adjective,"Extremely useful; indispensable.","มีค่ามาก, ประเมินค่าไม่ได้","His guidance was an invaluable asset to my project.<br>The teachers' support has been an invaluable resource.<br>These research findings are invaluable for the medical community.",priceless, essential, indispensable,worthless, useless,-,advanced,medium
